<?xml version="1.0" encoding="UTF-8"?>
<!DOCTYPE xml>
<Configuration>
    <Properties>
        <Property name="log-path">C:/Users/P174/Documents</Property>
    </Properties>
    <Appenders>
        <Console name="Console" target="SYSTEM_OUT">
            <PatternLayout pattern="%d{yyyy-MM-dd HH:mm:ss.SSS} [%T] [%X{requestId}] %level %logger{10} - %msg%n"/>
        </Console>
        <RollingFile name="MyFile" fileName="${log-path}//metroConsumer-web-service.log"
                     filePattern="${log-path}/springboot-weblogic-demo-%d{yyyy-MM-dd}-%i.old.log">
            <PatternLayout pattern="%d{yyyy-MM-dd HH:mm:ss.SSS} [%T] [%X{requestId}] %level %logger{10} - %msg%n"/>
            <Policies>
                <TimeBasedTriggeringPolicy interval="1" modulate="true"/>
                <SizeBasedTriggeringPolicy size="10000 KB"/>
            </Policies>
        </RollingFile>
    </Appenders>
    <Loggers>
        <Root level="all">
            <AppenderRef ref="Console"/>
            <AppenderRef ref="MyFile"/>
        </Root>
    </Loggers>
</Configuration>